data,target,topic,articolo_url,prezzo,cta_url,bozza,status,post_id,pubblicato_il,reach_24h,engagement_24h,note
2026-06-08,privati,Reel 730 - 3 segnali paghi troppe tasse,https://www.atparma.com/blog/come-fare-730-online,,https://www.atparma.com/contatti?ref=fb-730-reel,,manuale,,,,,POST 1 - copy completa in scripts/n8n/post-setup-9.md
2026-06-09,privati,Carosello 730 checklist 12 documenti,https://www.atparma.com/blog/come-fare-730-online,,https://www.atparma.com/contatti?ref=fb-730-checklist,,manuale,,,,,POST 2 - 9 slide
2026-06-10,privati,Manifesto sede Borgo Riccio (post statico),,,https://www.atparma.com/contatti?ref=fb-manifesto,,manuale,,,,,POST 3 - foto sede-facciata-rose.jpg - orario serale 20:30
2026-06-11,artigiani,Reel P.IVA forfettario - INPS dimenticata,https://www.atparma.com/blog/aprire-partita-iva-online,,https://www.atparma.com/contatti?ref=fb-piva-inps,,manuale,,,,,POST 4
2026-06-12,artigiani,Carosello forfettario vs ordinario tabella decisionale,https://www.atparma.com/blog/regime-forfettario-2026,,https://www.atparma.com/calcolatori/forfettario?ref=fb-forfettario-tabella,,manuale,,,,,POST 5 - 9 slide
2026-06-15,privati,Reel IMU 2026 comodato errore comune,,,https://www.atparma.com/contatti?ref=fb-imu-comodato,,manuale,,,,,POST 6
2026-06-16,privati,Post statico valori - albo studio senza carta 24h,,,https://www.atparma.com/contatti?ref=fb-valori,,manuale,,,,,POST 7 - foto sede-archi-cortile.jpg - orario serale 20:30
2026-06-17,privati,Reel before/after sede Borgo Riccio,,,https://clienti.atparma.com?ref=fb-sede-tour,,manuale,,,,,POST 8 - montaggio video sede - orario serale 20:30
2026-06-18,pmi,Carosello crisi impresa 7 segnali bilancio,https://www.atparma.com/blog/composizione-negoziata-crisi-impresa-2026,,https://www.atparma.com/contatti?ref=fb-crisi-checklist,,manuale,,,,,POST 9 - 9 slide - orario serale 20:30
